{
  "arabic_fonts": [
    {
      "name": "Tajawal",
      "sublink": "",
      "weight": ""
    },
    {
      "name": "Cairo",
      "sublink": "",
      "weight": ""
    },
    {
      "name": "Amiri",
      "sublink": "",
      "weight": ""
    },
    {
      "name": "Noto Sans Arabic",
      "sublink": "",
      "weight": ""
    },
    {
      "name": "Lateef",
      "sublink": "",
      "weight": ""
    },
    {
      "name": "Harmattan",
      "sublink": "",
      "weight": ""
    },
    {
      "name": "Kufam",
      "sublink": "",
      "weight": ""
    },
    {
      "name": "Lalezar",
      "sublink": "",
      "weight": ""
    },
    {
      "name": "El Messiri",
      "sublink": "",
      "weight": ""
    },
    {
      "name": "Markazi Text",
      "sublink": "",
      "weight": ""
    },
    {
      "name": "Almarai",
      "sublink": "",
      "weight": ""
    },
    {
      "name": "Reem Kufi",
      "sublink": "",
      "weight": ""
    },
    {
      "name": "Alata",
      "sublink": "",
      "weight": ""
    },
    {
      "name": "Changa",
      "sublink": "",
      "weight": ""
    },
    {
      "name": "Baloo Bhai",
      "sublink": "",
      "weight": ""
    },
    {
      "name": "Amiri Quran",
      "sublink": "",
      "weight": ""
    },
    {
      "name": "Katibeh",
      "sublink": "",
      "weight": ""
    }
  ],
  "latin_fonts": [
    {
      "name": "Roboto",
      "sublink": "css2?family=Roboto:wght@400;500;700",
      "weight": "400,500,700"
    },
    {
      "name": "Open Sans",
      "sublink": "",
      "weight": ""
    },
    {
      "name": "Lato",
      "sublink": "",
      "weight": ""
    },
    {
      "name": "Montserrat",
      "sublink": "",
      "weight": ""
    },
    {
      "name": "Source Sans Pro",
      "sublink": "",
      "weight": ""
    },
    {
      "name": "Noto Sans",
      "sublink": "",
      "weight": ""
    },
    {
      "name": "Poppins",
      "sublink": "",
      "weight": ""
    },
    {
      "name": "Oswald",
      "sublink": "",
      "weight": ""
    },
    {
      "name": "Raleway",
      "sublink": "",
      "weight": ""
    },
    {
      "name": "Roboto Condensed",
      "sublink": "",
      "weight": ""
    },
    {
      "name": "Nunito",
      "sublink": "",
      "weight": ""
    },
    {
      "name": "Merriweather",
      "sublink": "",
      "weight": ""
    },
    {
      "name": "Ubuntu",
      "sublink": "",
      "weight": ""
    },
    {
      "name": "Playfair Display",
      "sublink": "",
      "weight": ""
    },
    {
      "name": "PT Sans",
      "sublink": "",
      "weight": ""
    },
    {
      "name": "Inter",
      "sublink": "",
      "weight": ""
    },
    {
      "name": "Quicksand",
      "sublink": "",
      "weight": ""
    },
    {
      "name": "Josefin Sans",
      "sublink": "",
      "weight": ""
    },
    {
      "name": "Work Sans",
      "sublink": "",
      "weight": ""
    },
    {
      "name": "Roboto Slab",
      "sublink": "",
      "weight": ""
    },
    {
      "name": "Roboto Mono",
      "sublink": "",
      "weight": ""
    },
    {
      "name": "Rubik",
      "sublink": "",
      "weight": ""
    },
    {
      "name": "Fira Sans",
      "sublink": "",
      "weight": ""
    },
    {
      "name": "Titillium Web",
      "sublink": "",
      "weight": ""
    },
    {
      "name": "Dosis",
      "sublink": "",
      "weight": ""
    },
    {
      "name": "Muli",
      "sublink": "",
      "weight": ""
    },
    {
      "name": "Exo 2",
      "sublink": "",
      "weight": ""
    },
    {
      "name": "Barlow",
      "sublink": "",
      "weight": ""
    },
    {
      "name": "Alegreya Sans",
      "sublink": "",
      "weight": ""
    }
  ]
}
